{"cameraMode":{"drawMode":0,"name":"Shaded","section":"Shading Mode"},"sceneLighting":false,"audioPlay":false,"sceneViewState":{"showFog":true,"showMaterialUpdate":false,"showSkybox":true,"showFlares":true,"showImageEffects":true,"showParticleSystems":true},"in2DMode":false,"pivot":{"x":0.8700000643730164,"y":0.8299999833106995,"z":1.311367154121399},"rotation":{"x":-0.2404361367225647,"y":-0.037559591233730319,"z":0.009299762547016144,"w":-0.9698933959007263},"size":9.646450996398926,"orthographic":true}