{"cameraMode":{"drawMode":0,"name":"Shaded","section":"Shading Mode"},"sceneLighting":false,"audioPlay":false,"sceneViewState":{"showFog":true,"showMaterialUpdate":false,"showSkybox":true,"showFlares":true,"showImageEffects":true,"showParticleSystems":true},"in2DMode":false,"pivot":{"x":2.11299991607666,"y":1.1200000047683716,"z":0.0},"rotation":{"x":0.02486954815685749,"y":0.4879779815673828,"z":-0.013911060988903046,"w":0.8723906874656677},"size":0.428682804107666,"orthographic":true}