{"cameraMode":{"drawMode":0,"name":"Shaded","section":"Shading Mode"},"sceneLighting":true,"audioPlay":false,"sceneViewState":{"showFog":true,"showMaterialUpdate":false,"showSkybox":true,"showFlares":true,"showImageEffects":true,"showParticleSystems":true},"in2DMode":false,"pivot":{"x":0.77435302734375,"y":1.05902099609375,"z":-6.44970703125},"rotation":{"x":0.10541566461324692,"y":-0.12791414558887483,"z":0.013674437068402768,"w":0.986072301864624},"size":7.465052604675293,"orthographic":true}