{"cameraMode":{"drawMode":0,"name":"Shaded","section":"Shading Mode"},"sceneLighting":false,"audioPlay":false,"sceneViewState":{"showFog":true,"showMaterialUpdate":false,"showSkybox":true,"showFlares":true,"showImageEffects":true,"showParticleSystems":true},"in2DMode":false,"pivot":{"x":-2.2100000381469728,"y":0.40400004386901858,"z":4.489999771118164},"rotation":{"x":-0.34204891324043276,"y":-0.30575868487358096,"z":0.1187688484787941,"w":-0.8805726766586304},"size":1.7492386102676392,"orthographic":true}