{"cameraMode":{"drawMode":0,"name":"Shaded","section":"Shading Mode"},"sceneLighting":false,"audioPlay":false,"sceneViewState":{"showFog":true,"showMaterialUpdate":false,"showSkybox":true,"showFlares":true,"showImageEffects":true,"showParticleSystems":true},"in2DMode":false,"pivot":{"x":-8.18876838684082,"y":0.9710813164710999,"z":2.0345864295959474},"rotation":{"x":-0.01968368887901306,"y":0.6354014873504639,"z":-0.01620822586119175,"w":-0.771760880947113},"size":1.9444154500961304,"orthographic":true}