{"cameraMode":{"drawMode":0,"name":"Shaded","section":"Shading Mode"},"sceneLighting":false,"audioPlay":false,"sceneViewState":{"showFog":true,"showMaterialUpdate":false,"showSkybox":true,"showFlares":true,"showImageEffects":true,"showParticleSystems":true},"in2DMode":false,"pivot":{"x":2.213623046875,"y":0.881591796875,"z":-0.396728515625},"rotation":{"x":0.013495814986526966,"y":0.023995662108063699,"z":-0.00032448189449496567,"w":0.9996209740638733},"size":3.11210036277771,"orthographic":true}