{"cameraMode":{"drawMode":0,"name":"Shaded","section":"Shading Mode"},"sceneLighting":false,"audioPlay":false,"sceneViewState":{"showFog":true,"showMaterialUpdate":false,"showSkybox":true,"showFlares":true,"showImageEffects":true,"showParticleSystems":true},"in2DMode":false,"pivot":{"x":-0.029339879751205446,"y":-0.4118582606315613,"z":-0.024856239557266237},"rotation":{"x":0.07459507882595062,"y":0.09409471601247788,"z":-0.00706879049539566,"w":0.9927395582199097},"size":1.373684287071228,"orthographic":true}